{
	"credit": "Created by Mickey Joe Alpha - http://YouTube.com/@MushirMickeyJoe",
    "variants": {
        "": [
            { "model": "block/tallgrass", "weight": 4 },
            { "model": "block/tallgrass", "weight": 4, "y": 90 },
            { "model": "block/tallgrass", "weight": 4, "y": 180 },
			{ "model": "block/tallgrass", "weight": 4, "y": 270 },
            { "model": "block/clovers", "weight": 5 },
            { "model": "block/tallgrass_flowering", "weight": 2 },
            { "model": "block/tallgrass_flowering", "weight": 2, "y": 90 },
            { "model": "block/tallgrass_flowering", "weight": 2, "y": 180 },
			{ "model": "block/tallgrass_flowering", "weight": 2, "y": 270 }
        ]
    }
}