{
	"credit": "Created by Mickey Joe Alpha - http://YouTube.com/@MushirMickeyJoe",
	"textures": {
		"particle": "block/bamboo_trapdoor",
		"front": "block/bamboo_trapdoor",
		"side": "block/trapdoor_side_3"
	},
	"elements": [
		{
			"name": "Box2",
			"from": [0, 0, 13],
			"to": [16, 3, 16],
			"faces": {
				"north": {"uv": [0, 12, 16, 15], "texture": "#side"},
				"east": {"uv": [0, 12, 4, 15], "texture": "#side", "cullface": "east"},
				"south": {"uv": [0, 9, 16, 12], "texture": "#side", "cullface": "south"},
				"west": {"uv": [12, 12, 16, 15], "texture": "#side", "cullface": "west"},
				"up": {"uv": [0, 0, 16, 3], "rotation": 180, "texture": "#front"},
				"down": {"uv": [16, 0, 0, 3], "texture": "#front", "cullface": "down"}
			}
		},
		{
			"name": "Box3",
			"from": [13, 0, 3],
			"to": [16, 3, 13],
			"faces": {
				"east": {"uv": [4, 12, 12, 15], "texture": "#side", "cullface": "east"},
				"west": {"uv": [4, 12, 12, 15], "texture": "#side", "cullface": "east"},
				"up": {"uv": [0, 3, 3, 13], "rotation": 180, "texture": "#front"},
				"down": {"uv": [0, 13, 3, 3], "rotation": 180, "texture": "#front", "cullface": "down"}
			}
		},
		{
			"name": "Box4",
			"from": [0, 0, 3],
			"to": [3, 3, 13],
			"faces": {
				"east": {"uv": [4, 12, 12, 15], "texture": "#side", "cullface": "east"},
				"west": {"uv": [4, 12, 12, 15], "texture": "#side", "cullface": "east"},
				"up": {"uv": [13, 3, 16, 13], "rotation": 180, "texture": "#front"},
				"down": {"uv": [16, 3, 13, 13], "texture": "#front", "cullface": "down"}
			}
		},
		{
			"name": "Box5",
			"from": [0, 0, 0],
			"to": [16, 3, 3],
			"faces": {
				"north": {"uv": [0, 12, 16, 15], "texture": "#side", "cullface": "north"},
				"east": {"uv": [12, 12, 16, 15], "texture": "#side", "cullface": "east"},
				"south": {"uv": [0, 12, 16, 15], "texture": "#side"},
				"west": {"uv": [0, 12, 4, 15], "texture": "#side", "cullface": "west"},
				"up": {"uv": [0, 13, 16, 16], "rotation": 180, "texture": "#front"},
				"down": {"uv": [0, 16, 16, 13], "rotation": 180, "texture": "#front", "cullface": "down"}
			}
		},
		{
			"name": "Box8",
			"from": [3, 1.5, 3],
			"to": [13, 1.5, 13],
			"faces": {
				"up": {"uv": [3, 3, 13, 13], "rotation": 180, "texture": "#front"},
				"down": {"uv": [3, 3, 13, 13], "rotation": 180, "texture": "#front", "cullface": "down"}
			}
		}
	],
	"display": {
		"thirdperson_righthand": {
			"rotation": [75, 45, 0],
			"translation": [0, 2.5, 1.5],
			"scale": [0.375, 0.375, 0.375]
		},
		"thirdperson_lefthand": {
			"rotation": [75, 45, 0],
			"translation": [0, 2.5, 1.5],
			"scale": [0.375, 0.375, 0.375]
		},
		"firstperson_righthand": {
			"rotation": [0, 45, 0],
			"translation": [0, 3, 0],
			"scale": [0.4, 0.4, 0.4]
		},
		"firstperson_lefthand": {
			"rotation": [0, 45, 0],
			"translation": [0, 3, 0],
			"scale": [0.4, 0.4, 0.4]
		},
		"ground": {
			"translation": [0, 3, 0],
			"scale": [0.25, 0.25, 0.25]
		},
		"gui": {
			"rotation": [30, 225, 0],
			"translation": [0, 3, 0],
			"scale": [0.625, 0.625, 0.625]
		},
		"head": {
			"rotation": [90, 180, 0]
		},
		"fixed": {
			"translation": [0, 3, 0],
			"scale": [0.5, 0.5, 0.5]
		}
	}
}