{
	"credit": "Created by Mickey Joe Alpha - http://YouTube.com/@MushirMickeyJoe",
	"parent": "block/block",
	"textures": {
		"0": "block/beacon_base_top",
		"1": "block/beacon_base_side",
		"4": "block/enchanting_table_bottom",
		"5": "block/nether_portal",
		"9": "block/beacon_core",
		"particle": "block/beacon_base_top"
	},
	"elements": [
		{
			"from": [0, 0, 0],
			"to": [16, 3, 16],
			"faces": {
				"north": {"uv": [0, 13, 16, 16], "texture": "#1"},
				"east": {"uv": [0, 13, 16, 16], "texture": "#1"},
				"south": {"uv": [0, 13, 16, 16], "texture": "#1"},
				"west": {"uv": [0, 13, 16, 16], "texture": "#1"},
				"up": {"uv": [0, 0, 16, 16], "texture": "#0"},
				"down": {"uv": [0, 0, 15, 16], "texture": "#4"}
			}
		},
		{
			"from": [1, 13, 4],
			"to": [15, 13, 12],
			"rotation": {"angle": 45, "axis": "y", "origin": [8, 11, 8]},
			"faces": {
				"up": {"uv": [2, 0, 16, 8], "texture": "#1"},
				"down": {"uv": [16, 0, 2, 8], "texture": "#1"}
			}
		},
		{
			"from": [1, 3, 7],
			"to": [1, 13, 9],
			"rotation": {"angle": 45, "axis": "y", "origin": [8, 11, 8]},
			"faces": {
				"east": {"uv": [0, 0, 2, 12], "texture": "#1"},
				"west": {"uv": [0, 0, 2, 12], "texture": "#1"}
			}
		},
		{
			"from": [15, 3, 7],
			"to": [15, 13, 9],
			"rotation": {"angle": 45, "axis": "y", "origin": [8, 11, 8]},
			"faces": {
				"east": {"uv": [0, 0, 2, 12], "texture": "#1"},
				"west": {"uv": [0, 0, 2, 12], "texture": "#1"}
			}
		},
		{
			"from": [6.5, 7.25, 6.5],
			"to": [9.5, 10.25, 9.5],
			"rotation": {"angle": 0, "axis": "y", "origin": [0, 0.25, 0]},
			"faces": {
				"north": {"uv": [7, 10, 10, 13], "texture": "#5"},
				"east": {"uv": [4, 7, 7, 10], "texture": "#5"},
				"south": {"uv": [7, 4, 10, 7], "texture": "#5"},
				"west": {"uv": [10, 7, 13, 10], "texture": "#5"},
				"up": {"uv": [7, 7, 10, 10], "texture": "#5"},
				"down": {"uv": [13, 7, 16, 10], "texture": "#5"}
			}
		},
		{
			"name": "beacon_core_1",
			"from": [7.5, 6.25, 0.5],
			"to": [8.5, 7.25, 7.5],
			"rotation": {"angle": 22.5, "axis": "x", "origin": [8, 7.25, 6.5]},
			"faces": {
				"north": {"uv": [9, 0, 8, 1], "texture": "#9"},
				"east": {"uv": [8, 0, 9, 7], "rotation": 90, "texture": "#9"},
				"south": {"uv": [8, 6, 9, 7], "texture": "#9"},
				"west": {"uv": [8, 0, 9, 7], "rotation": 270, "texture": "#9"},
				"up": {"uv": [8, 0, 9, 7], "texture": "#9"},
				"down": {"uv": [8, 7, 9, 0], "texture": "#9"}
			}
		},
		{
			"name": "beacon_core_2",
			"from": [6.5, 6.25, 1.5],
			"to": [7.5, 7.25, 6.5],
			"rotation": {"angle": 22.5, "axis": "x", "origin": [8, 7.25, 6.5]},
			"faces": {
				"north": {"uv": [8, 1, 7, 2], "texture": "#9"},
				"east": {"uv": [7, 1, 8, 6], "rotation": 90, "texture": "#9"},
				"south": {"uv": [7, 5, 8, 6], "texture": "#9"},
				"west": {"uv": [7, 1, 8, 6], "rotation": 270, "texture": "#9"},
				"up": {"uv": [7, 1, 8, 6], "texture": "#9"},
				"down": {"uv": [7, 6, 8, 1], "texture": "#9"}
			}
		},
		{
			"name": "beacon_core_3",
			"from": [8.5, 6.25, 1.5],
			"to": [9.5, 7.25, 6.5],
			"rotation": {"angle": 22.5, "axis": "x", "origin": [8, 7.25, 6.5]},
			"faces": {
				"north": {"uv": [10, 1, 9, 2], "texture": "#9"},
				"east": {"uv": [9, 1, 10, 6], "rotation": 90, "texture": "#9"},
				"south": {"uv": [9, 5, 10, 6], "texture": "#9"},
				"west": {"uv": [9, 1, 10, 6], "rotation": 270, "texture": "#9"},
				"up": {"uv": [9, 1, 10, 6], "texture": "#9"},
				"down": {"uv": [9, 6, 10, 1], "texture": "#9"}
			}
		},
		{
			"name": "beacon_core_4",
			"from": [5.5, 6.25, 2.5],
			"to": [6.5, 7.25, 5.5],
			"rotation": {"angle": 22.5, "axis": "x", "origin": [8, 7.25, 6.5]},
			"faces": {
				"north": {"uv": [7, 2, 6, 3], "texture": "#9"},
				"east": {"uv": [6, 2, 7, 5], "rotation": 90, "texture": "#9"},
				"south": {"uv": [6, 4, 7, 5], "texture": "#9"},
				"west": {"uv": [6, 2, 7, 5], "rotation": 270, "texture": "#9"},
				"up": {"uv": [6, 2, 7, 5], "texture": "#9"},
				"down": {"uv": [6, 5, 7, 2], "texture": "#9"}
			}
		},
		{
			"name": "beacon_core_5",
			"from": [9.5, 6.25, 2.5],
			"to": [10.5, 7.25, 5.5],
			"rotation": {"angle": 22.5, "axis": "x", "origin": [8, 7.25, 6.5]},
			"faces": {
				"north": {"uv": [11, 2, 10, 3], "texture": "#9"},
				"east": {"uv": [10, 2, 11, 5], "rotation": 90, "texture": "#9"},
				"south": {"uv": [10, 4, 11, 5], "texture": "#9"},
				"west": {"uv": [10, 2, 11, 5], "rotation": 270, "texture": "#9"},
				"up": {"uv": [10, 2, 11, 5], "texture": "#9"},
				"down": {"uv": [10, 5, 11, 2], "texture": "#9"}
			}
		},
		{
			"name": "beacon_core_6",
			"from": [2.5, 6.25, 5.5],
			"to": [5.5, 7.25, 10.5],
			"rotation": {"angle": -22.5, "axis": "z", "origin": [6.5, 7.25, 8]},
			"faces": {
				"north": {"uv": [5, 5, 2, 6], "texture": "#9"},
				"east": {"uv": [4, 5, 5, 10], "rotation": 90, "texture": "#9"},
				"south": {"uv": [2, 9, 5, 10], "texture": "#9"},
				"west": {"uv": [2, 5, 3, 10], "rotation": 270, "texture": "#9"},
				"up": {"uv": [2, 5, 5, 10], "texture": "#9"},
				"down": {"uv": [2, 10, 5, 5], "texture": "#9"}
			}
		},
		{
			"name": "beacon_core_7",
			"from": [1.5, 6.25, 6.5],
			"to": [2.5, 7.25, 9.5],
			"rotation": {"angle": -22.5, "axis": "z", "origin": [6.5, 7.25, 8]},
			"faces": {
				"north": {"uv": [2, 6, 1, 7], "texture": "#9"},
				"east": {"uv": [1, 6, 2, 9], "rotation": 90, "texture": "#9"},
				"south": {"uv": [1, 8, 2, 9], "texture": "#9"},
				"west": {"uv": [1, 6, 2, 9], "rotation": 270, "texture": "#9"},
				"up": {"uv": [1, 6, 2, 9], "texture": "#9"},
				"down": {"uv": [1, 9, 2, 6], "texture": "#9"}
			}
		},
		{
			"name": "beacon_core_8",
			"from": [5.5, 6.25, 6.5],
			"to": [6.5, 7.25, 9.5],
			"rotation": {"angle": -22.5, "axis": "z", "origin": [6.5, 7.25, 8]},
			"faces": {
				"north": {"uv": [6, 6, 5, 7], "texture": "#9"},
				"east": {"uv": [5, 6, 6, 9], "rotation": 90, "texture": "#9"},
				"south": {"uv": [5, 8, 6, 9], "texture": "#9"},
				"west": {"uv": [5, 6, 6, 9], "rotation": 270, "texture": "#9"},
				"up": {"uv": [5, 6, 6, 9], "texture": "#9"},
				"down": {"uv": [5, 9, 6, 6], "texture": "#9"}
			}
		},
		{
			"name": "beacon_core_9",
			"from": [10.5, 6.25, 5.5],
			"to": [13.5, 7.25, 10.5],
			"rotation": {"angle": 22.5, "axis": "z", "origin": [9.5, 7.25, 8]},
			"faces": {
				"north": {"uv": [14, 6, 11, 7], "texture": "#9"},
				"east": {"uv": [13, 6, 14, 11], "rotation": 90, "texture": "#9"},
				"south": {"uv": [11, 10, 14, 11], "texture": "#9"},
				"west": {"uv": [11, 6, 12, 11], "rotation": 270, "texture": "#9"},
				"up": {"uv": [11, 6, 14, 11], "texture": "#9"},
				"down": {"uv": [11, 11, 14, 6], "texture": "#9"}
			}
		},
		{
			"name": "beacon_core_10",
			"from": [0.5, 6.25, 7.5],
			"to": [1.5, 7.25, 8.5],
			"rotation": {"angle": -22.5, "axis": "z", "origin": [6.5, 7.25, 8]},
			"faces": {
				"north": {"uv": [1, 7, 0, 8], "texture": "#9"},
				"east": {"uv": [0, 7, 1, 8], "rotation": 90, "texture": "#9"},
				"south": {"uv": [0, 7, 1, 8], "texture": "#9"},
				"west": {"uv": [0, 7, 1, 8], "rotation": 270, "texture": "#9"},
				"up": {"uv": [0, 7, 1, 8], "texture": "#9"},
				"down": {"uv": [0, 8, 1, 7], "texture": "#9"}
			}
		},
		{
			"name": "beacon_core_11",
			"from": [6.5, 6.25, 7.5],
			"to": [7.5, 7.25, 8.5],
			"rotation": {"angle": -22.5, "axis": "z", "origin": [6.5, 7.25, 8]},
			"faces": {
				"north": {"uv": [7, 7, 6, 8], "texture": "#9"},
				"east": {"uv": [6, 7, 7, 8], "rotation": 90, "texture": "#9"},
				"south": {"uv": [6, 7, 7, 8], "texture": "#9"},
				"west": {"uv": [6, 7, 7, 8], "rotation": 270, "texture": "#9"},
				"up": {"uv": [6, 7, 7, 8], "texture": "#9"},
				"down": {"uv": [6, 8, 7, 7], "texture": "#9"}
			}
		},
		{
			"name": "beacon_core_12",
			"from": [9.5, 6.25, 6.5],
			"to": [10.5, 7.25, 9.5],
			"rotation": {"angle": 22.5, "axis": "z", "origin": [9.5, 7.25, 8]},
			"faces": {
				"north": {"uv": [11, 7, 10, 8], "texture": "#9"},
				"east": {"uv": [10, 7, 11, 10], "rotation": 90, "texture": "#9"},
				"south": {"uv": [10, 9, 11, 10], "texture": "#9"},
				"west": {"uv": [10, 7, 11, 10], "rotation": 270, "texture": "#9"},
				"up": {"uv": [10, 7, 11, 10], "texture": "#9"},
				"down": {"uv": [10, 10, 11, 7], "texture": "#9"}
			}
		},
		{
			"name": "beacon_core_13",
			"from": [13.5, 6.25, 6.5],
			"to": [14.5, 7.25, 9.5],
			"rotation": {"angle": 22.5, "axis": "z", "origin": [9.5, 7.25, 8]},
			"faces": {
				"north": {"uv": [15, 7, 14, 8], "texture": "#9"},
				"east": {"uv": [14, 7, 15, 10], "rotation": 90, "texture": "#9"},
				"south": {"uv": [14, 9, 15, 10], "texture": "#9"},
				"west": {"uv": [14, 7, 15, 10], "rotation": 270, "texture": "#9"},
				"up": {"uv": [14, 7, 15, 10], "texture": "#9"},
				"down": {"uv": [14, 10, 15, 7], "texture": "#9"}
			}
		},
		{
			"name": "beacon_core_14",
			"from": [8.5, 6.25, 7.5],
			"to": [9.5, 7.25, 8.5],
			"rotation": {"angle": 22.5, "axis": "z", "origin": [9.5, 7.25, 8]},
			"faces": {
				"north": {"uv": [10, 8, 9, 9], "texture": "#9"},
				"east": {"uv": [9, 8, 10, 9], "rotation": 90, "texture": "#9"},
				"south": {"uv": [9, 8, 10, 9], "texture": "#9"},
				"west": {"uv": [9, 8, 10, 9], "rotation": 270, "texture": "#9"},
				"up": {"uv": [9, 8, 10, 9], "texture": "#9"},
				"down": {"uv": [9, 9, 10, 8], "texture": "#9"}
			}
		},
		{
			"name": "beacon_core_15",
			"from": [14.5, 6.25, 7.5],
			"to": [15.5, 7.25, 8.5],
			"rotation": {"angle": 22.5, "axis": "z", "origin": [9.5, 7.25, 8]},
			"faces": {
				"north": {"uv": [16, 8, 15, 9], "texture": "#9"},
				"east": {"uv": [15, 8, 16, 9], "rotation": 90, "texture": "#9"},
				"south": {"uv": [15, 8, 16, 9], "texture": "#9"},
				"west": {"uv": [15, 8, 16, 9], "rotation": 270, "texture": "#9"},
				"up": {"uv": [15, 8, 16, 9], "texture": "#9"},
				"down": {"uv": [15, 9, 16, 8], "texture": "#9"}
			}
		},
		{
			"name": "beacon_core_16",
			"from": [7.5, 6.25, 8.5],
			"to": [8.5, 7.25, 15.5],
			"rotation": {"angle": -22.5, "axis": "x", "origin": [7.5, 7.25, 9.5]},
			"faces": {
				"north": {"uv": [8, 9, 7, 10], "texture": "#9"},
				"east": {"uv": [7, 9, 8, 16], "rotation": 90, "texture": "#9"},
				"south": {"uv": [7, 15, 8, 16], "texture": "#9"},
				"west": {"uv": [7, 9, 8, 16], "rotation": 270, "texture": "#9"},
				"up": {"uv": [7, 9, 8, 16], "texture": "#9"},
				"down": {"uv": [7, 16, 8, 9], "texture": "#9"}
			}
		},
		{
			"name": "beacon_core_17",
			"from": [6.5, 6.25, 9.5],
			"to": [7.5, 7.25, 14.5],
			"rotation": {"angle": -22.5, "axis": "x", "origin": [7.5, 7.25, 9.5]},
			"faces": {
				"north": {"uv": [7, 10, 6, 11], "texture": "#9"},
				"east": {"uv": [6, 10, 7, 15], "rotation": 90, "texture": "#9"},
				"south": {"uv": [6, 14, 7, 15], "texture": "#9"},
				"west": {"uv": [6, 10, 7, 15], "rotation": 270, "texture": "#9"},
				"up": {"uv": [6, 10, 7, 15], "texture": "#9"},
				"down": {"uv": [6, 15, 7, 10], "texture": "#9"}
			}
		},
		{
			"name": "beacon_core_18",
			"from": [8.5, 6.25, 9.5],
			"to": [9.5, 7.25, 14.5],
			"rotation": {"angle": -22.5, "axis": "x", "origin": [7.5, 7.25, 9.5]},
			"faces": {
				"north": {"uv": [9, 10, 8, 11], "texture": "#9"},
				"east": {"uv": [8, 10, 9, 15], "rotation": 90, "texture": "#9"},
				"south": {"uv": [8, 14, 9, 15], "texture": "#9"},
				"west": {"uv": [8, 10, 9, 15], "rotation": 270, "texture": "#9"},
				"up": {"uv": [8, 10, 9, 15], "texture": "#9"},
				"down": {"uv": [8, 15, 9, 10], "texture": "#9"}
			}
		},
		{
			"name": "beacon_core_19",
			"from": [5.5, 6.25, 10.5],
			"to": [6.5, 7.25, 13.5],
			"rotation": {"angle": -22.5, "axis": "x", "origin": [7.5, 7.25, 9.5]},
			"faces": {
				"north": {"uv": [6, 11, 5, 12], "texture": "#9"},
				"east": {"uv": [5, 11, 6, 14], "rotation": 90, "texture": "#9"},
				"south": {"uv": [5, 13, 6, 14], "texture": "#9"},
				"west": {"uv": [5, 11, 6, 14], "rotation": 270, "texture": "#9"},
				"up": {"uv": [5, 11, 6, 14], "texture": "#9"},
				"down": {"uv": [5, 14, 6, 11], "texture": "#9"}
			}
		},
		{
			"name": "beacon_core_20",
			"from": [9.5, 6.25, 10.5],
			"to": [10.5, 7.25, 13.5],
			"rotation": {"angle": -22.5, "axis": "x", "origin": [7.5, 7.25, 9.5]},
			"faces": {
				"north": {"uv": [10, 11, 9, 12], "texture": "#9"},
				"east": {"uv": [9, 11, 10, 14], "rotation": 90, "texture": "#9"},
				"south": {"uv": [9, 13, 10, 14], "texture": "#9"},
				"west": {"uv": [9, 11, 10, 14], "rotation": 270, "texture": "#9"},
				"up": {"uv": [9, 11, 10, 14], "texture": "#9"},
				"down": {"uv": [9, 14, 10, 11], "texture": "#9"}
			}
		},
		{
			"from": [4, 3, 4],
			"to": [12, 6, 12],
			"faces": {
				"north": {"uv": [12, 10, 4, 13], "texture": "#1"},
				"east": {"uv": [12, 10, 4, 13], "texture": "#1"},
				"south": {"uv": [12, 10, 4, 13], "texture": "#1"},
				"west": {"uv": [12, 10, 4, 13], "texture": "#1"},
				"up": {"uv": [4, 4, 12, 12], "rotation": 90, "texture": "#0"}
			}
		}
	],
	"groups": [
		0,
		1,
		2,
		3,
		4,
		{
			"name": "beacon_core",
			"origin": [8, 8, 8],
			"color": 0,
			"children": [5, 6, 7, 8, 9, 10, 11, 12, 13, 14, 15, 16, 17, 18, 19, 20, 21, 22, 23, 24]
		},
		25
	]
}