{
	"credit": "Created by Mickey Joe Alpha - http://YouTube.com/@MushirMickeyJoe",
	"textures": {
		"particle": "block/cherry_trapdoor",
		"front": "block/cherry_trapdoor",
		"side": "block/trapdoor_side_3"
	},
	"elements": [
		{
			"name": "Box2",
			"from": [0, 0, 12],
			"to": [16, 3, 16],
			"faces": {
				"north": {"uv": [0, 6, 16, 9], "texture": "#side"},
				"east": {"uv": [0, 0, 4, 3], "texture": "#side", "cullface": "east"},
				"south": {"uv": [0, 3, 16, 6], "texture": "#side", "cullface": "south"},
				"west": {"uv": [12, 0, 16, 3], "texture": "#side", "cullface": "west"},
				"up": {"uv": [0, 0, 16, 4], "rotation": 180, "texture": "#front"},
				"down": {"uv": [16, 0, 0, 4], "texture": "#front", "cullface": "down"}
			}
		},
		{
			"name": "Box3",
			"from": [12, 0, 4],
			"to": [16, 3, 12],
			"faces": {
				"east": {"uv": [4, 0, 12, 3], "texture": "#side", "cullface": "east"},
				"west": {"uv": [4, 0, 12, 3], "texture": "#side", "cullface": "east"},
				"up": {"uv": [0, 4, 4, 12], "rotation": 180, "texture": "#front"},
				"down": {"uv": [0, 12, 4, 4], "rotation": 180, "texture": "#front", "cullface": "down"}
			}
		},
		{
			"name": "Box4",
			"from": [0, 0, 4],
			"to": [4, 3, 12],
			"faces": {
				"east": {"uv": [4, 0, 12, 3], "texture": "#side", "cullface": "east"},
				"west": {"uv": [4, 0, 12, 3], "texture": "#side", "cullface": "east"},
				"up": {"uv": [12, 4, 16, 12], "rotation": 180, "texture": "#front"},
				"down": {"uv": [16, 4, 12, 12], "texture": "#front", "cullface": "down"}
			}
		},
		{
			"name": "Box5",
			"from": [0, 0, 0],
			"to": [16, 3, 4],
			"faces": {
				"north": {"uv": [0, 6, 16, 9], "texture": "#side", "cullface": "north"},
				"east": {"uv": [12, 0, 16, 3], "texture": "#side", "cullface": "east"},
				"south": {"uv": [0, 6, 16, 9], "texture": "#side"},
				"west": {"uv": [0, 0, 4, 3], "texture": "#side", "cullface": "west"},
				"up": {"uv": [0, 12, 16, 16], "rotation": 180, "texture": "#front"},
				"down": {"uv": [0, 16, 16, 12], "rotation": 180, "texture": "#front", "cullface": "down"}
			}
		},
		{
			"name": "Box8",
			"from": [4, 1, 4],
			"to": [12, 2, 12],
			"faces": {
				"up": {"uv": [4, 4, 12, 12], "rotation": 180, "texture": "#front"},
				"down": {"uv": [4, 4, 12, 12], "texture": "#front", "cullface": "down"}
			}
		}
	],
	"display": {
		"thirdperson_righthand": {
			"rotation": [75, 45, 0],
			"translation": [0, 2.5, 1.5],
			"scale": [0.375, 0.375, 0.375]
		},
		"thirdperson_lefthand": {
			"rotation": [75, 45, 0],
			"translation": [0, 2.5, 1.5],
			"scale": [0.375, 0.375, 0.375]
		},
		"firstperson_righthand": {
			"rotation": [0, 45, 0],
			"translation": [0, 3, 0],
			"scale": [0.4, 0.4, 0.4]
		},
		"firstperson_lefthand": {
			"rotation": [0, 45, 0],
			"translation": [0, 3, 0],
			"scale": [0.4, 0.4, 0.4]
		},
		"ground": {
			"translation": [0, 3, 0],
			"scale": [0.25, 0.25, 0.25]
		},
		"gui": {
			"rotation": [30, 225, 0],
			"translation": [0, 3, 0],
			"scale": [0.625, 0.625, 0.625]
		},
		"head": {
			"rotation": [90, 180, 0]
		},
		"fixed": {
			"translation": [0, 3, 0],
			"scale": [0.5, 0.5, 0.5]
		}
	}
}