{
    "credit": "Created by Mickey Joe Alpha - http://YouTube.com/@MushirMickeyJoe",
	"ambientocclusion": false,
	"textures": {
		"slab": "block/smooth_stone",
		"particle": "block/comparator_on",
		"top": "block/comparator_on",
		"lit": "block/redstone_torch"
	},
	"elements": [
		{
			"from": [0, 0, 0],
			"to": [16, 2, 16],
			"faces": {
				"north": {"uv": [0, 14, 16, 16], "texture": "#slab", "cullface": "north"},
				"east": {"uv": [0, 14, 16, 16], "texture": "#slab", "cullface": "east"},
				"south": {"uv": [0, 14, 16, 16], "texture": "#slab", "cullface": "south"},
				"west": {"uv": [0, 14, 16, 16], "texture": "#slab", "cullface": "west"},
				"up": {"uv": [0, 0, 16, 16], "texture": "#top"},
				"down": {"uv": [0, 0, 16, 16], "texture": "#slab", "cullface": "down"}
			}
		},
		{
			"from": [10, 2, 11],
			"to": [12, 7, 13],
			"shade": false,
			"faces": {
				"north": {"uv": [7, 6, 9, 11], "texture": "#lit"},
				"east": {"uv": [7, 6, 9, 11], "texture": "#lit"},
				"south": {"uv": [7, 6, 9, 11], "texture": "#lit"},
				"west": {"uv": [7, 6, 9, 11], "texture": "#lit"},
				"up": {"uv": [7, 4, 9, 6], "texture": "#lit"}
			}
		},
		{
			"from": [13, 8, 14],
			"to": [9, 4, 10],
			"shade": false,
			"faces": {
				"north": {"uv": [3, 4, 7, 8], "texture": "#lit"},
				"east": {"uv": [3, 4, 7, 8], "texture": "#lit"},
				"south": {"uv": [3, 4, 7, 8], "texture": "#lit"},
				"west": {"uv": [3, 4, 7, 8], "texture": "#lit"},
				"up": {"uv": [3, 4, 7, 8], "texture": "#lit"},
				"down": {"uv": [3, 4, 7, 8], "texture": "#lit"}
			}
		},
		{
			"from": [7, 8, 14],
			"to": [3, 4, 10],
			"shade": false,
			"faces": {
				"north": {"uv": [3, 4, 7, 8], "texture": "#lit"},
				"east": {"uv": [3, 4, 7, 8], "texture": "#lit"},
				"south": {"uv": [3, 4, 7, 8], "texture": "#lit"},
				"west": {"uv": [3, 4, 7, 8], "texture": "#lit"},
				"up": {"uv": [3, 4, 7, 8], "texture": "#lit"},
				"down": {"uv": [3, 4, 7, 8], "texture": "#lit"}
			}
		},
		{
			"from": [4, 2, 11],
			"to": [6, 7, 13],
			"shade": false,
			"faces": {
				"north": {"uv": [7, 6, 9, 11], "texture": "#lit"},
				"east": {"uv": [7, 6, 9, 11], "texture": "#lit"},
				"south": {"uv": [7, 6, 9, 11], "texture": "#lit"},
				"west": {"uv": [7, 6, 9, 11], "texture": "#lit"},
				"up": {"uv": [7, 4, 9, 6], "texture": "#lit"}
			}
		},
		{
			"from": [10, 6.1, 5],
			"to": [6, 2.1, 1],
			"shade": false,
			"faces": {
				"north": {"uv": [3, 4, 7, 8], "texture": "#lit"},
				"east": {"uv": [3, 4, 7, 8], "texture": "#lit"},
				"south": {"uv": [3, 4, 7, 8], "texture": "#lit"},
				"west": {"uv": [3, 4, 7, 8], "texture": "#lit"},
				"up": {"uv": [3, 4, 7, 8], "texture": "#lit"},
				"down": {"uv": [3, 4, 7, 8], "texture": "#lit"}
			}
		},
		{
			"from": [7, 2, 2],
			"to": [9, 5, 4],
			"shade": false,
			"faces": {
				"north": {"uv": [7, 6, 9, 9], "texture": "#lit"},
				"east": {"uv": [7, 6, 9, 9], "texture": "#lit"},
				"south": {"uv": [7, 6, 9, 9], "texture": "#lit"},
				"west": {"uv": [7, 6, 9, 9], "texture": "#lit"},
				"up": {"uv": [7, 4, 9, 6], "texture": "#lit"}
			}
		}
	]
}