{
	"credit": "Created by Mickey Joe Alpha - http://YouTube.com/@MushirMickeyJoe",
	"parent": "block/block",
	"textures": {
		"6": "block/crafter_north_crafting_insides",
		"7": "block/crafter_north",
		"bottom": "block/crafter_bottom",
		"top": "block/crafter_top_crafting",
		"south": "block/crafter_south_triggered",
		"east": "block/crafter_east_crafting",
		"particle": "block/crafter_west_crafting",
		"west": "block/crafter_west_crafting"
	},
	"elements": [
		{
			"from": [0, 10, 0],
			"to": [16, 16, 16],
			"faces": {
				"north": {"uv": [0, 0, 16, 6], "texture": "#7", "cullface": "north"},
				"east": {"uv": [0, 0, 16, 6], "texture": "#east", "cullface": "east"},
				"south": {"uv": [0, 0, 16, 6], "texture": "#south", "cullface": "south"},
				"west": {"uv": [0, 0, 16, 6], "texture": "#west", "cullface": "west"},
				"up": {"uv": [0, 16, 16, 0], "texture": "#top", "cullface": "up"},
				"down": {"uv": [16, 0, 0, 16], "rotation": 180, "texture": "#6"}
			}
		},
		{
			"from": [0, 0, 0],
			"to": [16, 2, 16],
			"faces": {
				"north": {"uv": [0, 14, 16, 16], "texture": "#7", "cullface": "north"},
				"east": {"uv": [0, 14, 16, 16], "texture": "#east", "cullface": "east"},
				"south": {"uv": [0, 14, 16, 16], "texture": "#south", "cullface": "south"},
				"west": {"uv": [0, 14, 16, 16], "texture": "#west", "cullface": "west"},
				"up": {"uv": [0, 16, 16, 0], "texture": "#6"},
				"down": {"uv": [0, 0, 16, 16], "texture": "#bottom", "cullface": "down"}
			}
		},
		{
			"from": [14, 2, 0],
			"to": [16, 10, 16],
			"faces": {
				"north": {"uv": [0, 6, 2, 14], "texture": "#7", "cullface": "north"},
				"east": {"uv": [0, 6, 16, 14], "texture": "#east", "cullface": "east"},
				"south": {"uv": [14, 6, 16, 14], "texture": "#south", "cullface": "south"},
				"west": {"uv": [0, 4, 16, 12], "texture": "#6"}
			}
		},
		{
			"from": [0, 2, 0],
			"to": [2, 10, 16],
			"faces": {
				"north": {"uv": [14, 6, 16, 14], "texture": "#7", "cullface": "north"},
				"east": {"uv": [16, 4, 0, 12], "texture": "#6"},
				"south": {"uv": [0, 6, 2, 14], "texture": "#south", "cullface": "south"},
				"west": {"uv": [0, 6, 16, 14], "texture": "#west", "cullface": "west"}
			}
		},
		{
			"from": [2, 2, 4],
			"to": [14, 10, 16],
			"faces": {
				"north": {"uv": [14, 9, 15, 10], "texture": "#6"},
				"south": {"uv": [2, 6, 14, 14], "texture": "#south", "cullface": "south"}
			}
		},
		{
			"from": [12, 9, 0],
			"to": [14, 10, 4],
			"faces": {
				"north": {"uv": [2, 6, 4, 7], "texture": "#7", "cullface": "north"},
				"west": {"uv": [0, 9, 4, 10], "texture": "#6"},
				"down": {"uv": [4, 9, 0, 10], "rotation": 90, "texture": "#6"}
			}
		},
		{
			"from": [13, 8, 0],
			"to": [14, 9, 4],
			"faces": {
				"north": {"uv": [2, 7, 3, 8], "texture": "#7", "cullface": "north"},
				"west": {"uv": [0, 13, 4, 14], "texture": "#6"},
				"down": {"uv": [4, 13, 0, 14], "rotation": 90, "texture": "#6"}
			}
		},
		{
			"from": [2, 8, 0],
			"to": [3, 9, 4],
			"faces": {
				"north": {"uv": [13, 7, 14, 8], "texture": "#7", "cullface": "north"},
				"east": {"uv": [4, 13, 0, 14], "texture": "#6"},
				"down": {"uv": [4, 13, 0, 14], "rotation": 90, "texture": "#6"}
			}
		},
		{
			"from": [2, 9, 0],
			"to": [4, 10, 4],
			"faces": {
				"north": {"uv": [12, 6, 14, 7], "texture": "#7", "cullface": "north"},
				"east": {"uv": [4, 9, 0, 10], "texture": "#6"},
				"down": {"uv": [4, 9, 0, 10], "rotation": 90, "texture": "#6"}
			}
		},
		{
			"from": [5, 9, 0],
			"to": [11, 10, 0],
			"faces": {
				"north": {"uv": [7, 11, 13, 12], "texture": "#6", "cullface": "north"}
			}
		},
		{
			"from": [11, 2, 0],
			"to": [14, 3, 0],
			"faces": {
				"north": {"uv": [4, 11, 7, 12], "texture": "#6", "cullface": "north"}
			}
		},
		{
			"from": [2, 2, 0],
			"to": [5, 3, 0],
			"faces": {
				"north": {"uv": [13, 11, 16, 12], "texture": "#6", "cullface": "north"}
			}
		},
		{
			"from": [-2, 8, 3],
			"to": [0, 10, 5],
			"faces": {
				"north": {"uv": [4, 7, 6, 5], "rotation": 90, "texture": "#west"},
				"south": {"uv": [6, 7, 4, 5], "rotation": 270, "texture": "#west"},
				"west": {"uv": [5, 6, 3, 8], "texture": "#west", "cullface": "west"},
				"up": {"uv": [5, 8, 3, 6], "rotation": 90, "texture": "#west"},
				"down": {"uv": [4, 7, 6, 5], "rotation": 270, "texture": "#west"}
			}
		},
		{
			"from": [16, 8, 3],
			"to": [18, 10, 5],
			"faces": {
				"north": {"uv": [12, 5, 10, 7], "rotation": 90, "texture": "#east"},
				"east": {"uv": [13, 6, 11, 8], "texture": "#east", "cullface": "east"},
				"south": {"uv": [10, 5, 12, 7], "rotation": 270, "texture": "#east"},
				"up": {"uv": [11, 6, 13, 8], "rotation": 90, "texture": "#east"},
				"down": {"uv": [12, 5, 10, 7], "rotation": 270, "texture": "#east"}
			}
		}
	]
}