{
	"credit": "Created by Mickey Joe Alpha - http://YouTube.com/@MushirMickeyJoe",
	"ambientocclusion": false,
	"textures": {
		"particle": "block/dandelion"
	},
	"elements": [
		{
			"from": [5.5, 6, 5.5],
			"to": [10.5, 8, 10.5],
			"shade": false,
			"rotation": {"angle": -22.5, "axis": "x", "origin": [8, 6, 8.75]},
			"faces": {
				"north": {"uv": [0, 0, 5, 2], "texture": "#particle"},
				"east": {"uv": [10, 0, 5, 2], "texture": "#particle"},
				"south": {"uv": [10, 0, 15, 2], "texture": "#particle"},
				"west": {"uv": [5, 0, 10, 2], "texture": "#particle"},
				"down": {"uv": [5, 2, 0, 7], "texture": "#particle"}
			}
		},
		{
			"from": [5.5, 5, 5.5],
			"to": [10.5, 10, 10.5],
			"rotation": {"angle": 0, "axis": "x", "origin": [8, 5, 8.75]},
			"faces": {
				"north": {"uv": [0, 11, 5, 16], "texture": "#particle"},
				"east": {"uv": [0, 11, 5, 16], "texture": "#particle"},
				"south": {"uv": [0, 11, 5, 16], "texture": "#particle"},
				"west": {"uv": [0, 11, 5, 16], "texture": "#particle"},
				"up": {"uv": [10, 16, 5, 11], "texture": "#particle"},
				"down": {"uv": [10, 16, 5, 11], "texture": "#particle"}
			}
		},
		{
			"from": [4.5, 8, 4.5],
			"to": [11.5, 8, 11.5],
			"shade": false,
			"rotation": {"angle": -22.5, "axis": "x", "origin": [8, 6, 8.75]},
			"faces": {
				"up": {"uv": [12, 9, 5, 2], "texture": "#particle"},
				"down": {"uv": [12, 9, 5, 2], "texture": "#particle"}
			}
		},
		{
			"from": [8, 0, 6],
			"to": [8, 9, 10],
			"shade": false,
			"rotation": {"angle": -45, "axis": "y", "origin": [8.025, 5.5, 8]},
			"faces": {
				"east": {"uv": [12, 7, 16, 16], "texture": "#particle"},
				"west": {"uv": [12, 7, 16, 16], "texture": "#particle"}
			}
		},
		{
			"from": [6.05, 0, 8],
			"to": [10.05, 9, 8],
			"shade": false,
			"rotation": {"angle": -45, "axis": "y", "origin": [8.025, 5.5, 8]},
			"faces": {
				"north": {"uv": [12, 7, 16, 16], "texture": "#particle"},
				"south": {"uv": [12, 7, 16, 16], "texture": "#particle"}
			}
		},
		{
			"from": [1.01, 0.3, 7],
			"to": [7.01, 0.3, 9],
			"shade": false,
			"rotation": {"angle": -45, "axis": "z", "origin": [8, 0.3, 8]},
			"faces": {
				"up": {"uv": [12, 16, 10, 10], "rotation": 90, "texture": "#particle"},
				"down": {"uv": [10, 16, 12, 10], "rotation": 90, "texture": "#particle"}
			}
		},
		{
			"from": [8.045, 1.3, 7],
			"to": [8.045, 7.3, 9],
			"shade": false,
			"rotation": {"angle": -45, "axis": "z", "origin": [8.025, 0.3, 8]},
			"faces": {
				"east": {"uv": [10, 16, 12, 10], "rotation": 180, "texture": "#particle"},
				"west": {"uv": [12, 16, 10, 10], "rotation": 180, "texture": "#particle"}
			}
		}
	],
	"gui_light": "front",
	"display": {
		"thirdperson_righthand": {
			"translation": [0, 7.25, 1.75]
		},
		"thirdperson_lefthand": {
			"translation": [0, 7.25, 1.75]
		},
		"firstperson_righthand": {
			"rotation": [-1, 124, -1],
			"translation": [2.63, 4.95, 0.63],
			"scale": [0.68, 0.68, 0.68]
		},
		"firstperson_lefthand": {
			"rotation": [-1, 124, -1],
			"translation": [2.63, 4.95, 0.63],
			"scale": [0.68, 0.68, 0.68]
		},
		"ground": {
			"translation": [0, 3, 0],
			"scale": [0.5, 0.5, 0.5]
		},
		"gui": {
			"rotation": [159, -38, 127],
			"translation": [-2.25, 3.25, 0],
			"scale": [1.6, 1.6, 1.6]
		},
		"head": {
			"rotation": [-45, 0, -90],
			"translation": [5.25, -4.25, -7.5]
		},
		"fixed": {
			"rotation": [-24, 0, 0],
			"translation": [0, 5, -5.5],
			"scale": [2, 2, 2]
		}
	}
}