{
	"providers": [
	{	"type":"bitmap",
			"file":"minecraft:font/hunger/hunger_half.png",
			"ascent":8,
			"height":16,
			"chars": ["\ueff3"]
		},
		{
			"type":"bitmap",
			"file":"minecraft:font/hunger/hunger_full.png",
			"ascent":8,
			"height":16,
			"chars":["\ueff4"]
		},
		{
			"type":"bitmap",
			"file":"minecraft:font/hunger/hunger_half_rare.png",
			"ascent":8,
			"height":16,
			"chars":["\ueff5"]
		},
		{
			"type":"bitmap",
			"file":"minecraft:font/hunger/hunger_full_rare.png",
			"ascent":8,
			"height":16,
			"chars":["\ueff6"]
		},
		{
			"type":"bitmap",
			"file":"minecraft:font/hunger/hunger_half_epic.png",
			"ascent":8,
			"height":16,
			"chars":["\ueff7"]
		},
		{
			"type":"bitmap",
			"file":"minecraft:font/hunger/hunger_full_epic.png",
			"ascent":8,
			"height":16,
			"chars":["\ueff8"]
		},
		{
			"type":"bitmap",
			"file":"minecraft:font/enchantment/aqua_affinity.png",
			"ascent":8,
			"height":8,
			"chars":["\ueff9"]
		},
		{
			"type":"bitmap",
			"file":"minecraft:font/enchantment/bane_of_arthropods.png",
			"ascent":8,
			"height":8,
			"chars":["\uefa1"]
		},
		{
			"type":"bitmap",
			"file":"minecraft:font/enchantment/blast_protection.png",
			"ascent":8,
			"height":8,
			"chars":["\uefe5"]
		},
		{
			"type":"bitmap",
			"file":"minecraft:font/enchantment/channeling.png",
			"ascent":8,
			"height":8,
			"chars":["\uefa2"]
		},
		{
			"type":"bitmap",
			"file":"minecraft:font/enchantment/cleaving.png",
			"ascent":8,
			"height":8,
			"chars":["\uefa3"]
		},
		{
			"type":"bitmap",
			"file":"minecraft:font/enchantment/curse_of_binding.png",
			"ascent":8,
			"height":8,
			"chars":["\uefa4"]
		},
		{
			"type":"bitmap",
			"file":"minecraft:font/enchantment/depth_strider.png",
			"ascent":8,
			"height":8,
			"chars":["\uefa5"]
		},
		{
			"type":"bitmap",
			"file":"minecraft:font/enchantment/efficiency.png",
			"ascent":8,
			"height":8,
			"chars":["\uefa6"]
		},
		{
			"type":"bitmap",
			"file":"minecraft:font/enchantment/feather_falling.png",
			"ascent":8,
			"height":8,
			"chars":["\uefa7"]
		},
		{
			"type":"bitmap",
			"file":"minecraft:font/enchantment/fire_aspect.png",
			"ascent":8,
			"height":8,
			"chars":["\uefa8"]
		},
		{
			"type":"bitmap",
			"file":"minecraft:font/enchantment/fire_protection.png",
			"ascent":8,
			"height":8,
			"chars":["\uefa9"]
		},
		{
			"type":"bitmap",
			"file":"minecraft:font/enchantment/flame.png",
			"ascent":8,
			"height":8,
			"chars":["\uefb1"]
		},
		{
			"type":"bitmap",
			"file":"minecraft:font/enchantment/fortune.png",
			"ascent":8,
			"height":8,
			"chars":["\uefb2"]
		},
		{
			"type":"bitmap",
			"file":"minecraft:font/enchantment/frost_walker.png",
			"ascent":8,
			"height":8,
			"chars":["\uefb3"]
		},
		{
			"type":"bitmap",
			"file":"minecraft:font/enchantment/impaling.png",
			"ascent":8,
			"height":8,
			"chars":["\uefb4"]
		},
		{
			"type":"bitmap",
			"file":"minecraft:font/enchantment/infinity.png",
			"ascent":8,
			"height":8,
			"chars":["\uefb5"]
		},
		{
			"type":"bitmap",
			"file":"minecraft:font/enchantment/knockback.png",
			"ascent":8,
			"height":8,
			"chars":["\uefb6"]
		},
		{
			"type":"bitmap",
			"file":"minecraft:font/enchantment/looting.png",
			"ascent":8,
			"height":8,
			"chars":["\uefb7"]
		},
		{
			"type":"bitmap",
			"file":"minecraft:font/enchantment/loyalty.png",
			"ascent":8,
			"height":8,
			"chars":["\uefb8"]
		},
		{
			"type":"bitmap",
			"file":"minecraft:font/enchantment/luck_of_the_sea.png",
			"ascent":8,
			"height":8,
			"chars":["\uefb9"]
		},
		{
			"type":"bitmap",
			"file":"minecraft:font/enchantment/lure.png",
			"ascent":8,
			"height":8,
			"chars":["\uefc1"]
		},
		{
			"type":"bitmap",
			"file":"minecraft:font/enchantment/mending.png",
			"ascent":8,
			"height":8,
			"chars":["\uefc2"]
		},
		{
			"type":"bitmap",
			"file":"minecraft:font/enchantment/multishot.png",
			"ascent":8,
			"height":8,
			"chars":["\uefc3"]
		},
		{
			"type":"bitmap",
			"file":"minecraft:font/enchantment/piercing.png",
			"ascent":8,
			"height":8,
			"chars":["\uefc4"]
		},
		{
			"type":"bitmap",
			"file":"minecraft:font/enchantment/power.png",
			"ascent":8,
			"height":8,
			"chars":["\uefc5"]
		},
		{
			"type":"bitmap",
			"file":"minecraft:font/enchantment/projectile_protection.png",
			"ascent":8,
			"height":8,
			"chars":["\uefc6"]
		},
		{
			"type":"bitmap",
			"file":"minecraft:font/enchantment/protection.png",
			"ascent":8,
			"height":8,
			"chars":["\uefc7"]
		},
		{
			"type":"bitmap",
			"file":"minecraft:font/enchantment/punch.png",
			"ascent":8,
			"height":8,
			"chars":["\uefc8"]
		},
		{
			"type":"bitmap",
			"file":"minecraft:font/enchantment/quick_charge.png",
			"ascent":8,
			"height":8,
			"chars":["\uefc9"]
		},
		{
			"type":"bitmap",
			"file":"minecraft:font/enchantment/respiration.png",
			"ascent":8,
			"height":8,
			"chars":["\uefd1"]
		},
		{
			"type":"bitmap",
			"file":"minecraft:font/enchantment/riptide.png",
			"ascent":8,
			"height":8,
			"chars":["\uefd2"]
		},
		{
			"type":"bitmap",
			"file":"minecraft:font/enchantment/sharpness.png",
			"ascent":8,
			"height":8,
			"chars":["\uefd3"]
		},
		{
			"type":"bitmap",
			"file":"minecraft:font/enchantment/silk_touch.png",
			"ascent":8,
			"height":8,
			"chars":["\uefd4"]
		},
		{
			"type":"bitmap",
			"file":"minecraft:font/enchantment/smite.png",
			"ascent":8,
			"height":8,
			"chars":["\uefd5"]
		},
		{
			"type":"bitmap",
			"file":"minecraft:font/enchantment/soul_speed.png",
			"ascent":8,
			"height":8,
			"chars":["\uefd6"]
		},
		{
			"type":"bitmap",
			"file":"minecraft:font/enchantment/sweeping_edge.png",
			"ascent":8,
			"height":8,
			"chars":["\uefd7"]
		},
		{
			"type":"bitmap",
			"file":"minecraft:font/enchantment/swift_sneak.png",
			"ascent":8,
			"height":8,
			"chars":["\uefd8"]
		},
		{
			"type":"bitmap",
			"file":"minecraft:font/enchantment/thorns.png",
			"ascent":8,
			"height":8,
			"chars":["\uefd9"]
		},
		{
			"type":"bitmap",
			"file":"minecraft:font/enchantment/unbreaking.png",
			"ascent":8,
			"height":8,
			"chars":["\uefe1"]
		},
		{
			"type":"bitmap",
			"file":"minecraft:font/enchantment/density.png",
			"ascent":8,
			"height":8,
			"chars":["\uefe2"]
		},
		{
			"type":"bitmap",
			"file":"minecraft:font/enchantment/breach.png",
			"ascent":8,
			"height":8,
			"chars":["\uefe3"]
		},
		{
			"type":"bitmap",
			"file":"minecraft:font/enchantment/wind_charge.png",
			"ascent":8,
			"height":8,
			"chars":["\uefe4"]
		},
		{
			"type":"bitmap",
			"file":"minecraft:font/enchantment/curse_of_vanishing.png",
			"ascent":8,
			"height":8,
			"chars":["\uefe6"]
		},
		{
			"type":"bitmap",
			"file":"minecraft:font/boss_bar/ender_dragon.png",
			"ascent":8,
			"height":8,
			"chars":["\uefe7"]
		},
		{
			"type":"bitmap",
			"file":"minecraft:font/boss_bar/wither.png",
			"ascent":8,
			"height":8,
			"chars":["\uefe8"]
		},
		{
			"type":"bitmap",
			"file":"minecraft:font/boss_bar/raid.png",
			"ascent":8,
			"height":8,
			"chars":["\uefe9"]
		}
	]
}